learner_round,simulations,games,wins,draws,losses,score_percent,ci_lower_percent,ci_upper_percent
1,64,400,190,75,135,56.875,54.125,59.75
50,64,400,250,86,64,73.25,70.625,75.875
100,64,400,234,90,76,69.75,67.25,72.375
150,64,400,252,70,78,71.75,69.0,74.5
200,64,400,245,78,77,71.0,68.125,73.75
250,64,400,245,81,74,71.375,68.75,74.0
300,64,400,243,74,83,70.0,67.25,72.75
350,64,400,249,67,84,70.625,67.75,73.5
400,64,400,243,73,84,69.875,67.125,72.625
450,64,400,240,88,72,71.0,68.375,73.5
500,64,400,247,82,71,72.0,69.375,74.625
550,64,400,246,86,68,72.25,69.625,74.875
600,64,400,242,76,82,70.0,67.375,72.75
1,128,400,211,71,118,61.625,58.875,64.5
50,128,400,250,91,59,73.875,71.25,76.5
100,128,400,243,99,58,73.125,70.5,75.625
150,128,400,245,87,68,72.125,69.5,74.625
200,128,400,246,97,57,73.625,71.0,76.25
250,128,400,251,86,63,73.5,70.875,76.125
300,128,400,251,81,68,72.875,70.25,75.625
350,128,400,254,82,64,73.75,71.125,76.375
400,128,400,253,83,64,73.625,70.875,76.375
450,128,400,244,92,64,72.5,70.0,75.125
500,128,400,248,78,74,71.75,69.125,74.375
550,128,400,240,108,52,73.5,71.125,75.875
600,128,400,248,91,61,73.375,70.75,76.0
