discovery_depth,new_position_keys,cumulative_position_keys
0,1,1
1,6,7
2,32,39
3,140,179
4,624,803
5,2854,3657
6,12186,15843
7,48259,64102
8,181802,245904
9,597767,843671
10,1591431,2435102
11,3301119,5736221
12,5501672,11237893
13,7919983,19157876
14,10449369,29607245
15,12394952,42002197
16,13556307,55558504
17,14045935,69604439
18,14629260,84233699
19,14867920,99101619
20,15003812,114105431
21,14406584,128512015
22,13509901,142021916
23,12357063,154378979
24,11288300,165667279
25,10330829,175998108
26,9610557,185608665
27,8973794,194582459
28,8504009,203086468
29,7943374,211029842
30,7369876,218399718
31,6705492,225105210
32,5966149,231071359
33,5267166,236338525
34,4560468,240898993
35,3952978,244851971
36,3414457,248266428
37,3026059,251292487
38,2774800,254067287
39,2593046,256660333
40,2517025,259177358
41,2357004,261534362
42,2245236,263779598
43,2084082,265863680
44,2018473,267882153
45,1957989,269840142
46,1863322,271703464
47,1681369,273384833
48,1417545,274802378
49,1180589,275982967
50,943966,276926933
51,794402,277721335
52,636444,278357779
53,560688,278918467
54,460385,279378852
55,416240,279795092
56,333042,280128134
57,286826,280414960
58,230875,280645835
59,206896,280852731
60,194899,281047630
61,190033,281237663
62,192843,281430506
63,197008,281627514
64,188610,281816124
65,179427,281995551
66,146763,282142314
67,116749,282259063
68,86231,282345294
69,70037,282415331
70,65231,282480562
71,63414,282543976
72,61340,282605316
73,63618,282668934
74,55312,282724246
75,46857,282771103
76,31366,282802469
77,20463,282822932
78,11807,282834739
79,6978,282841717
80,3840,282845557
81,2285,282847842
82,1263,282849105
83,734,282849839
84,443,282850282
85,243,282850525
86,139,282850664
87,83,282850747
88,61,282850808
89,42,282850850
90,38,282850888
91,31,282850919
92,20,282850939
93,15,282850954
94,9,282850963
95,5,282850968
96,4,282850972
97,3,282850975
98,3,282850978
99,2,282850980
100,2,282850982
101,1,282850983
102,1,282850984
103,1,282850985
