condition,learner_round,games,wins,draws,losses,score_percent,ci_lower_percent,ci_upper_percent
puct64-mcts64,1,400,143,88,169,46.75,44.25,49.125
puct64-mcts64,50,400,236,107,57,72.375,69.996875,74.75
puct64-mcts64,100,400,231,98,71,70.0,67.375,72.625
puct64-mcts64,150,400,235,93,72,70.375,67.75,72.875
puct64-mcts64,200,400,233,112,55,72.25,69.625,74.75
puct64-mcts64,250,400,238,102,60,72.25,69.75,74.75
puct64-mcts64,300,400,233,100,67,70.75,68.25,73.125
puct64-mcts64,350,400,229,106,65,70.5,68.125,73.0
puct64-mcts64,400,400,240,104,56,73.0,70.5,75.5
puct64-mcts64,450,400,232,109,59,71.625,69.25,74.125
puct64-mcts64,500,400,231,101,68,70.375,67.75,73.00312499999995
puct64-mcts64,550,400,232,104,64,71.0,68.375,73.5
puct64-mcts64,600,400,230,98,72,69.75,67.25,72.375
puct128-mcts128,1,400,130,83,187,42.875,40.25,45.375
puct128-mcts128,50,400,231,110,59,71.5,69.125,73.875
puct128-mcts128,100,400,224,112,64,70.0,67.625,72.375
puct128-mcts128,150,400,225,94,81,68.0,65.625,70.375
puct128-mcts128,200,400,227,126,47,72.5,70.375,74.625
puct128-mcts128,250,400,227,110,63,70.5,68.125,72.875
puct128-mcts128,300,400,227,101,72,69.375,66.875,71.875
puct128-mcts128,350,400,221,109,70,68.875,66.5,71.25
puct128-mcts128,400,400,225,108,67,69.75,67.25,72.25
puct128-mcts128,450,400,233,96,71,70.25,67.75,72.875
puct128-mcts128,500,400,225,105,70,69.375,67.0,71.875
puct128-mcts128,550,400,229,92,79,68.75,66.25,71.25
puct128-mcts128,600,400,228,92,80,68.5,66.0,71.0
puct64-mcts128,1,400,106,90,204,37.75,35.375,40.125
puct64-mcts128,50,400,214,111,75,67.375,65.125,69.75
puct64-mcts128,100,400,214,113,73,67.625,65.375,70.0
puct64-mcts128,150,400,213,104,83,66.25,63.74999999999999,68.625
puct64-mcts128,200,400,213,122,65,68.5,66.25,70.75
puct64-mcts128,250,400,218,101,81,67.125,64.75,69.625
puct64-mcts128,300,400,220,99,81,67.375,65.0,69.75
puct64-mcts128,350,400,213,99,88,65.625,63.24999999999999,68.0
puct64-mcts128,400,400,216,102,82,66.75,64.25,69.25
puct64-mcts128,450,400,223,101,76,68.375,65.75,70.875
puct64-mcts128,500,400,211,106,83,66.0,63.625,68.375
puct64-mcts128,550,400,221,94,85,67.0,64.375,69.625
puct64-mcts128,600,400,219,94,87,66.5,64.121875,69.0
policy-mcts64,1,400,38,72,290,18.5,15.75,21.25
policy-mcts64,50,400,109,24,267,30.25,26.75,33.625
policy-mcts64,100,400,118,81,201,39.625,36.375,43.0
policy-mcts64,150,400,126,91,183,42.875,39.5,46.25
policy-mcts64,200,400,130,112,158,46.5,43.125,49.875
policy-mcts64,250,400,137,96,167,46.25,42.875,49.625
policy-mcts64,300,400,140,85,175,45.625,41.875,49.375
policy-mcts64,350,400,146,92,162,48.0,44.375,51.74999999999999
policy-mcts64,400,400,161,90,149,51.5,48.0,55.00000000000001
policy-mcts64,450,400,141,98,161,47.5,43.75,51.24999999999999
policy-mcts64,500,400,147,113,140,50.875,47.375,54.25
policy-mcts64,550,400,140,100,160,47.5,44.0,51.0
policy-mcts64,600,400,141,106,153,48.5,44.875,52.25
